<?xml version="1.0" encoding="UTF-8" ?>
<!DOCTYPE mapper PUBLIC "-//mybatis.org//DTD Mapper 3.0//EN"
        "http://mybatis.org/dtd/mybatis-3-mapper.dtd">
<mapper namespace="com.yibo.gps.dao.TrackMapper">

    <select id="get" resultType="Track">
        select
            a.id as "id",
            a.track_id as "trackId",
            a.car_id as "carId",
            a.device_id as "deviceId",
            a.start_time as "startTime",
            a.end_time as "endTime",
            a.miles as "miles"
        from track a
        where 1=1
        <if test="trackId != null and trackId != ''">
            and a.track_id = #{trackId}
        </if>
    </select>

    <select id="getLast" resultType="Track">
        select
            a.id as "id",
            a.track_id as "trackId",
            a.car_id as "carId",
            a.device_id as "deviceId",
            a.start_time as "startTime",
            a.end_time as "endTime",
            a.miles as "miles"
        from track a
        where 1=1
        <if test="deviceId != null and deviceId != ''">
            and a.device_id = #{deviceId}
        </if>
        order by start_time desc limit 1
    </select>

    <insert id="insert">
        insert into track(
            id,
            track_id,
            car_id,
            device_id,
            start_time,
            end_time,
            miles
        )
        values (
            #{id},
            #{trackId},
            #{carId},
            #{deviceId},
            #{startTime},
            #{endTime},
            #{miles}
        )
    </insert>

    <update id="update">
        update track set
            track_id = #{trackId},
            car_id = #{carId},
            device_id = #{deviceId},
            start_time = #{startTime},
            end_time = #{endTime},
            miles = #{miles}
        where id = #{id}
    </update>
</mapper>